City_ID,City,Country,Lat,Lng,Max Temp,Humidity,Cloudiness,Wind Speed,Current Description
0,Vaini,TO,-21.2,-175.2,75.4,75,9,14.83,clear sky
1,Port Alfred,ZA,-33.5906,26.891,63.97,89,69,7.49,broken clouds
2,Ambilobe,MG,-13.2,49.05,75.96,80,98,1.68,light rain
3,Tasiilaq,GL,65.6145,-37.6368,24.96,62,83,6.17,broken clouds
4,Hasaki,JP,35.7333,140.8333,52.2,60,84,6.15,broken clouds
5,Bredasdorp,ZA,-34.5322,20.0403,58.28,95,73,4.32,broken clouds
6,Jingdezhen,CN,29.2947,117.2079,56.17,79,16,4.41,light rain
7,Souillac,MU,-20.5167,57.5167,71.37,77,23,3.76,few clouds
8,Fortuna,US,40.5982,-124.1573,65.43,74,90,1.01,overcast clouds
9,Rikitea,PF,-23.1203,-134.9692,75.0,85,100,21.14,light rain
10,Thompson,CA,55.7435,-97.8558,37.56,75,75,11.5,broken clouds
11,Port Hardy,CA,50.6996,-127.4199,44.74,56,73,4.97,broken clouds
12,Mataura,NZ,-46.1927,168.8643,55.26,56,100,8.21,overcast clouds
13,Cockburn Town,TC,21.4612,-71.1419,84.16,65,40,9.22,scattered clouds
14,Mercedes,AR,-34.6515,-59.4307,93.51,27,0,11.23,clear sky
15,Katobu,ID,-4.9408,122.5276,74.46,94,98,1.63,overcast clouds
16,Chokurdakh,RU,70.6333,147.9167,-0.24,98,100,5.3,overcast clouds
17,Albany,US,42.6001,-73.9662,60.22,88,96,1.99,overcast clouds
18,Nanortalik,GL,60.1432,-45.2371,34.02,75,20,3.74,few clouds
19,Airai,TL,-8.9266,125.4092,61.72,91,35,1.19,scattered clouds
20,Ugoofaaru,MV,5.6667,73.0,81.07,76,24,8.01,few clouds
21,Mar Del Plata,AR,-38.0023,-57.5575,60.87,84,99,21.0,overcast clouds
22,New Norfolk,AU,-42.7826,147.0587,53.92,60,83,4.0,broken clouds
23,Sumkino,RU,58.1108,68.3244,25.97,97,99,0.54,light snow
24,Nemuro,JP,43.3236,145.575,49.03,76,38,11.92,scattered clouds
25,Busselton,AU,-33.65,115.3333,42.04,90,87,6.08,overcast clouds
26,Boyolangu,ID,-8.1181,111.8935,76.41,91,100,0.83,overcast clouds
27,Atuona,PF,-9.8,-139.0333,77.85,67,5,17.27,clear sky
28,Tuktoyaktuk,CA,69.4541,-133.0374,16.48,91,66,9.71,broken clouds
29,Morro Bay,US,35.3658,-120.8499,72.25,82,100,4.0,overcast clouds
30,Nicosia,CY,35.1667,33.3667,65.28,82,40,5.75,scattered clouds
31,Barrow,US,71.2906,-156.7887,17.8,93,96,1.79,overcast clouds
32,Puerto Ayora,EC,-0.7393,-90.3518,72.46,80,91,8.55,overcast clouds
33,Bhabua,IN,25.05,83.6167,67.32,50,5,4.83,clear sky
34,Severo-Kurilsk,RU,50.6789,156.125,39.92,84,67,10.89,broken clouds
35,Hobart,AU,-42.8794,147.3294,53.26,66,40,3.0,scattered clouds
36,Los Llanos De Aridane,ES,28.6585,-17.9182,65.95,82,20,1.01,volcanic ash
37,Hualmay,PE,-11.0964,-77.6139,68.07,70,86,8.3,overcast clouds
38,Hilo,US,19.7297,-155.09,81.25,80,0,4.43,clear sky
39,Punta Arenas,CL,-53.15,-70.9167,51.12,43,74,7.74,broken clouds
40,Nyurba,RU,63.2842,118.3319,21.83,93,100,8.43,overcast clouds
41,Beringovskiy,RU,63.05,179.3167,5.58,96,97,18.23,overcast clouds
42,Ushuaia,AR,-54.8,-68.3,56.32,38,13,3.58,few clouds
43,Saskylakh,RU,71.9167,114.0833,8.26,94,100,10.63,overcast clouds
44,Alofi,NU,-19.0595,-169.9187,76.55,73,100,15.7,light rain
45,Porto Walter,BR,-8.2686,-72.7439,87.53,51,100,2.01,overcast clouds
46,Port Blair,IN,11.6667,92.75,80.37,81,98,1.72,overcast clouds
47,Grand Gaube,MU,-20.0064,57.6608,71.38,84,8,7.63,clear sky
48,Kruisfontein,ZA,-34.0033,24.7314,56.88,93,0,1.5,clear sky
49,Taoudenni,ML,22.6783,-3.9836,87.87,24,1,4.88,clear sky
50,Havre-Saint-Pierre,CA,50.2334,-63.5986,47.77,59,95,2.86,overcast clouds
51,Avarua,CK,-21.2078,-159.775,75.25,60,100,13.8,overcast clouds
52,Manaia,NZ,-39.55,174.1333,57.79,86,73,14.05,broken clouds
53,Qandala,SO,11.472,49.8728,81.5,71,16,10.8,few clouds
54,Dauphin,CA,51.1494,-100.0502,39.79,75,3,10.8,clear sky
55,Kapaa,US,22.0752,-159.319,80.47,81,4,1.01,clear sky
56,Salalah,OM,17.0151,54.0924,79.25,71,0,8.66,clear sky
57,Tuatapere,NZ,-46.1333,167.6833,50.63,92,100,13.76,overcast clouds
58,Batemans Bay,AU,-35.7167,150.1833,52.11,73,9,3.47,clear sky
59,Longyearbyen,SJ,78.2186,15.6401,17.31,83,95,3.06,overcast clouds
60,Cape Town,ZA,-33.9258,18.4232,63.01,82,0,3.0,clear sky
61,Mahebourg,MU,-20.4081,57.7,71.26,76,28,5.75,scattered clouds
62,Provideniya,RU,64.3833,-173.3,12.6,83,88,10.6,overcast clouds
63,Berat,AL,40.7058,19.9522,56.01,57,0,5.19,clear sky
64,Itarema,BR,-2.9248,-39.9167,82.22,69,35,13.18,scattered clouds
65,Sibolga,ID,1.7427,98.7792,76.51,89,100,2.84,moderate rain
66,Upernavik,GL,72.7868,-56.1549,26.56,57,100,7.58,overcast clouds
67,Hermanus,ZA,-34.4187,19.2345,61.9,83,77,9.69,broken clouds
68,Narsaq,GL,60.9167,-46.05,30.42,70,89,4.43,overcast clouds
69,Bluff,NZ,-46.6,168.3333,54.91,66,89,20.27,overcast clouds
70,Byron Bay,AU,-28.65,153.6167,67.95,89,99,18.92,overcast clouds
71,Goderich,CA,43.7501,-81.7165,52.92,71,100,6.91,overcast clouds
72,Panama City,PA,8.9936,-79.5197,86.79,72,40,9.22,scattered clouds
73,Castro,BR,-24.7911,-50.0119,67.64,84,73,9.35,light rain
74,Port Elizabeth,ZA,-33.918,25.5701,59.09,93,5,3.47,clear sky
75,Ixtapa,MX,20.7,-105.2,87.22,77,51,5.99,broken clouds
76,Hamilton,US,39.1834,-84.5333,59.11,93,100,1.01,overcast clouds
77,Andenes,NO,69.3143,16.1194,40.98,93,100,10.36,overcast clouds
78,Bethel,US,41.3712,-73.414,62.71,89,40,1.99,scattered clouds
79,Asyut,EG,27.181,31.1837,82.0,32,100,14.72,overcast clouds
80,Nizwa,OM,22.9333,57.5333,76.21,32,2,1.5,clear sky
81,Yellowknife,CA,62.456,-114.3525,31.41,84,40,7.0,scattered clouds
82,Trairi,BR,-3.2778,-39.2689,81.57,70,21,10.33,few clouds
83,Harper,LR,4.375,-7.7169,78.12,85,100,5.55,overcast clouds
84,Palmer,US,42.1584,-72.3287,60.35,84,90,5.75,moderate rain
85,Qaanaaq,GL,77.484,-69.3632,2.16,53,0,8.72,clear sky
86,Kungurtug,RU,50.5994,97.5228,27.21,70,47,2.59,scattered clouds
87,Bathsheba,BB,13.2167,-59.5167,81.99,65,37,11.32,scattered clouds
88,Kaitangata,NZ,-46.2817,169.8464,53.85,75,100,3.76,overcast clouds
89,Hithadhoo,MV,-0.6,73.0833,82.87,75,100,18.43,light rain
90,Maragogi,BR,-9.0122,-35.2225,77.97,71,0,8.05,clear sky
91,Flin Flon,CA,54.7682,-101.865,39.04,48,90,14.97,overcast clouds
92,Pevek,RU,69.7008,170.3133,-2.96,96,100,10.63,overcast clouds
93,Gat,IL,31.61,34.7642,72.39,62,35,3.4,scattered clouds
94,Klaksvik,FO,62.2266,-6.589,47.32,92,100,8.68,overcast clouds
95,Luderitz,NA,-26.6481,15.1594,59.5,93,7,5.32,clear sky
96,Dikson,RU,73.5069,80.5464,6.87,92,100,16.6,overcast clouds
97,Lagoa,PT,39.05,-27.9833,70.0,89,100,24.65,overcast clouds
98,Shafranovo,RU,53.9667,54.7667,42.17,92,100,12.37,overcast clouds
99,Arraial Do Cabo,BR,-22.9661,-42.0278,73.26,83,75,10.36,broken clouds
100,Cabo San Lucas,MX,22.8909,-109.9124,89.62,67,11,9.24,few clouds
101,Cozumel,MX,20.5083,-86.9458,84.0,62,37,7.0,scattered clouds
102,Nikolskoye,RU,59.7035,30.7861,45.81,93,95,7.47,overcast clouds
103,Cairns,AU,-16.9167,145.7667,73.35,90,60,3.44,broken clouds
104,Zelenoborskiy,RU,66.845,32.3622,35.85,98,100,2.55,overcast clouds
105,Almunecar,ES,36.7339,-3.6907,74.88,87,42,11.59,scattered clouds
106,Lebu,CL,-37.6167,-73.65,55.71,69,100,15.82,overcast clouds
107,Solnechnyy,RU,50.7214,136.6319,25.95,78,100,7.31,overcast clouds
108,Port Augusta,AU,-32.5,137.7667,54.72,57,100,5.75,overcast clouds
109,Oyama,JP,36.3,139.8,57.58,64,98,3.58,light rain
110,Corn Island,NI,12.1694,-83.0418,82.45,77,98,19.82,overcast clouds
111,Pitimbu,BR,-7.4706,-34.8086,79.36,68,1,14.94,clear sky
112,Nantucket,US,41.2835,-70.0995,63.97,90,100,21.92,overcast clouds
113,Faanui,PF,-16.4833,-151.75,78.15,69,16,16.73,few clouds
114,Keetmanshoop,NA,-26.5833,18.1333,77.11,19,0,12.15,clear sky
115,Butaritari,KI,3.0707,172.7902,82.53,72,39,6.44,scattered clouds
116,Saint-Philippe,RE,-21.3585,55.7679,71.15,80,100,4.12,overcast clouds
117,Chibombo,ZM,-14.6569,28.0706,76.01,38,9,5.39,clear sky
118,Krasnoselkup,RU,65.7,82.4667,17.37,96,100,7.31,light snow
119,Maningrida,AU,-12.0667,134.2667,79.9,76,97,4.88,overcast clouds
120,Changji,CN,44.0167,87.3167,47.19,61,0,4.47,clear sky
121,Chuy,UY,-33.6971,-53.4616,71.24,75,87,13.73,overcast clouds
122,Sao Miguel,BR,-5.4667,-35.3667,83.17,72,26,19.06,scattered clouds
123,Ajaccio,FR,42.0,8.9167,60.78,55,0,2.3,clear sky
124,Khatanga,RU,71.9667,102.5,-6.43,100,60,3.06,broken clouds
125,Sisimiut,GL,66.9395,-53.6735,35.19,94,100,39.28,light rain
126,Jamestown,US,42.097,-79.2353,56.52,88,100,1.99,overcast clouds
127,Elko,US,41.0002,-115.5012,59.74,56,100,3.0,overcast clouds
128,Laguna,US,38.421,-121.4238,74.23,72,20,1.99,few clouds
129,Port-Gentil,GA,-0.7193,8.7815,77.11,92,100,10.94,heavy intensity rain
130,Mananjary,MG,-21.2167,48.3333,71.04,88,99,6.76,overcast clouds
131,Strezhevoy,RU,60.7333,77.5889,10.38,97,79,5.39,broken clouds
132,Alta Floresta,BR,-9.8756,-56.0861,94.37,32,53,2.15,broken clouds
133,Lazaro Cardenas,MX,17.9583,-102.2,83.84,69,0,6.04,clear sky
134,Codrington,AU,-38.2667,141.9667,41.32,95,3,8.1,clear sky
135,Bintulu,MY,3.1667,113.0333,77.58,88,100,3.11,overcast clouds
136,Saint George,US,37.1041,-113.5841,81.07,35,1,1.99,clear sky
137,Russell,US,32.3502,-85.1999,58.98,73,90,10.36,overcast clouds
138,Isangel,VU,-19.55,169.2667,77.4,75,0,4.5,clear sky
139,Japura,ID,-0.3167,102.35,74.17,97,21,1.57,few clouds
140,Tignere,CM,7.3667,12.65,67.86,85,64,1.52,light rain
141,Fethiye,TR,36.6217,29.1164,64.27,67,100,3.18,overcast clouds
142,Geraldton,AU,-28.7667,114.6,52.21,82,0,9.22,clear sky
143,Pandamatenga,BW,-18.5278,25.627,79.07,45,71,2.82,light rain
144,Saldanha,ZA,-33.0117,17.9442,61.59,88,54,13.22,broken clouds
145,Bonthe,SL,7.5264,-12.505,75.87,89,100,5.3,light rain
146,Namibe,AO,-15.1961,12.1522,68.25,73,84,8.01,broken clouds
147,Bandarbeyla,SO,9.4942,50.8122,79.09,77,76,12.35,light rain
148,Rawson,AR,-43.3002,-65.1023,51.08,63,79,27.47,broken clouds
149,Los Angeles,US,34.0522,-118.2437,84.78,65,1,1.99,haze
150,East London,ZA,-33.0153,27.9116,65.16,85,78,8.08,broken clouds
151,Kombissiri,BF,12.0656,-1.3375,87.31,26,19,5.86,few clouds
152,Batticaloa,LK,7.7102,81.6924,78.49,88,100,7.49,overcast clouds
153,Inhambane,MZ,-23.865,35.3833,71.33,72,0,9.75,clear sky
154,Caravelas,BR,-17.7125,-39.2481,75.99,81,98,7.65,overcast clouds
155,Zeya,RU,53.75,127.2667,21.97,46,0,0.49,clear sky
156,College,US,64.8569,-147.8028,41.32,66,75,4.61,broken clouds
157,Fairbanks,US,64.8378,-147.7164,41.34,72,20,6.91,few clouds
158,Leh,IN,34.1667,77.5833,25.09,57,3,3.69,clear sky
159,Westerland,DE,54.9079,8.3033,54.01,82,90,14.97,light rain
160,Victoria,HK,22.2855,114.1577,75.33,83,97,5.01,overcast clouds
161,Bar Harbor,US,44.3876,-68.2039,56.37,78,75,12.66,broken clouds
162,Kuching,MY,1.55,110.3333,75.42,100,20,2.3,few clouds
163,Kohat,PK,33.582,71.4493,67.98,36,0,4.12,clear sky
164,Zhuanghe,CN,39.7008,122.9911,51.66,85,38,5.77,scattered clouds
165,Tsiroanomandidy,MG,-18.7667,46.0333,68.77,66,4,4.47,clear sky
166,Necochea,AR,-38.5473,-58.7368,58.03,75,100,20.51,moderate rain
167,Camacha,PT,33.0833,-16.3333,69.22,88,40,9.22,scattered clouds
168,Saint-Pierre,RE,-21.3393,55.4781,71.24,79,0,5.75,clear sky
169,Rio Gallegos,AR,-51.6226,-69.2181,60.08,25,3,9.33,clear sky
170,Bambous Virieux,MU,-20.3428,57.7575,71.22,77,39,6.89,scattered clouds
171,Tsabong,BW,-26.0217,22.401,73.8,20,0,6.64,clear sky
172,Tiksi,RU,71.6872,128.8694,-1.53,96,95,7.87,overcast clouds
173,Deogarh,IN,21.5333,84.7333,72.68,87,92,0.74,overcast clouds
174,Ponta Do Sol,PT,32.6667,-17.1,73.71,77,32,7.25,scattered clouds
175,Maputo,MZ,-25.9653,32.5892,64.22,88,100,8.01,moderate rain
176,Ancud,CL,-41.8697,-73.8203,62.13,47,0,2.39,clear sky
177,Aguimes,ES,27.9054,-15.4461,66.83,74,20,14.97,few clouds
178,Gweru,ZW,-19.45,29.8167,68.76,61,99,0.72,overcast clouds
179,Avera,US,33.194,-82.5271,64.27,61,100,14.45,overcast clouds
180,Honiara,SB,-9.4333,159.95,79.77,83,74,5.73,broken clouds
181,Murmansk,RU,68.0,34.0,31.35,100,100,1.57,light snow
182,Santa Lucia,ES,27.9117,-15.5407,61.92,73,20,14.97,few clouds
183,Nampa,US,43.5407,-116.5635,59.65,60,1,8.05,clear sky
184,Nanticoke,US,41.2054,-76.0049,61.93,85,98,1.01,overcast clouds
185,Gilgit,PK,35.9221,74.3087,50.23,48,0,4.99,clear sky
186,Hit,IQ,33.6416,42.8251,80.49,39,100,13.65,overcast clouds
187,Torbay,CA,47.6666,-52.7314,47.75,69,0,3.0,clear sky
188,Sorland,NO,67.667,12.6934,48.85,89,100,20.24,overcast clouds
189,Mahanoro,MG,-19.9,48.8,70.97,88,77,3.8,light rain
190,Lexington,US,37.9887,-84.4777,56.28,86,90,1.01,overcast clouds
191,Georgetown,MY,5.4112,100.3354,77.9,92,20,2.3,few clouds
192,Zaraza,VE,9.3503,-65.3245,80.04,84,100,4.94,overcast clouds
193,Miracema Do Tocantins,BR,-9.5618,-48.3967,93.09,36,65,2.66,broken clouds
194,Taybad,IR,34.74,60.7756,57.81,29,9,6.85,clear sky
195,Buchanan,LR,5.8808,-10.0467,76.96,89,94,2.24,moderate rain
196,Pangody,RU,65.85,74.4859,12.52,93,100,15.97,overcast clouds
197,Ribeira Grande,PT,38.5167,-28.7,70.2,83,75,12.66,broken clouds
198,Tura,IN,25.5198,90.2201,64.24,67,0,2.98,clear sky
199,Portland,US,45.5234,-122.6762,62.6,41,1,5.01,clear sky
200,Lorengau,PG,-2.0226,147.2712,81.63,79,83,6.78,broken clouds
201,Cherskiy,RU,68.75,161.3,-0.9,98,100,5.59,light snow
202,Minuri,PH,16.535,121.8574,70.11,95,49,0.83,scattered clouds
203,Buala,SB,-8.145,159.5921,81.07,81,92,8.55,overcast clouds
204,Muroto,JP,33.2833,134.15,64.09,88,100,12.44,overcast clouds
205,Luang Prabang,LA,19.8856,102.1347,69.71,99,78,1.1,broken clouds
206,Pacific Grove,US,36.6177,-121.9166,69.15,83,1,1.01,clear sky
207,Saint-Francois,FR,46.4154,3.9054,60.24,80,75,4.61,broken clouds
208,Casper,US,42.8666,-106.3131,40.71,77,90,8.01,overcast clouds
209,La Ronge,CA,55.1001,-105.2842,35.82,75,90,17.27,overcast clouds
210,Zhezkazgan,KZ,47.8043,67.7144,42.94,65,100,13.56,overcast clouds
211,Banda Aceh,ID,5.5577,95.3222,78.3,82,100,5.39,overcast clouds
212,San Cristobal,VE,7.7669,-72.225,72.99,87,99,3.6,light rain
213,Kipini,KE,-2.5257,40.5262,80.89,86,37,11.43,scattered clouds
214,Berlevag,NO,70.8578,29.0864,38.44,74,95,3.0,overcast clouds
215,Iqaluit,CA,63.7506,-68.5145,36.7,69,100,13.0,overcast clouds
216,Kamenka,RU,51.3223,42.7678,41.83,74,7,6.49,clear sky
217,Katsuura,JP,35.1333,140.3,57.31,64,100,3.2,overcast clouds
218,Bowen,AU,-20.0167,148.2333,78.39,78,11,3.65,few clouds
219,Gunnedah,AU,-30.9833,150.25,55.02,82,6,4.0,clear sky
220,Pangnirtung,CA,66.1451,-65.7125,33.35,99,100,9.53,snow
221,Baoding,CN,38.8511,115.4903,54.1,52,94,4.92,overcast clouds
222,Kahului,US,20.8947,-156.47,85.26,62,1,9.22,clear sky
223,Castletown,IE,53.0281,-9.0686,48.69,84,100,17.11,overcast clouds
224,Bethanien,NA,-26.502,17.1583,75.92,19,0,2.8,clear sky
225,Lompoc,US,34.6391,-120.4579,72.1,79,20,10.36,few clouds
226,Sur,OM,22.5667,59.5289,81.37,53,0,6.58,clear sky
227,Lubbock,US,33.6001,-101.8338,86.38,14,1,5.01,clear sky
228,Glomfjord,NO,66.8167,13.9667,46.67,96,100,6.96,overcast clouds
229,Iquitos,PE,-3.7481,-73.2472,93.24,49,40,2.3,scattered clouds
230,Gallup,US,35.5281,-108.7426,70.56,26,1,3.0,clear sky
231,Almaznyy,RU,48.0448,40.045,42.94,69,0,4.41,clear sky
232,Bilibino,RU,68.0546,166.4372,-8.81,100,100,1.7,overcast clouds
233,Bahia Blanca,AR,-38.7196,-62.2724,62.33,48,100,19.98,overcast clouds
234,Simao,CN,22.7886,100.9748,59.14,99,28,2.1,scattered clouds
235,Maceio,BR,-9.6658,-35.7353,83.64,65,40,11.5,scattered clouds
236,Oranjestad,AW,12.524,-70.027,78.39,85,100,9.73,overcast clouds
237,Kuyanovo,RU,55.8014,54.5372,41.97,95,100,10.94,overcast clouds
238,Grindavik,IS,63.8424,-22.4338,37.87,93,0,10.36,clear sky
239,Kodiak,US,57.79,-152.4072,47.71,87,90,32.21,mist
240,Halifax,CA,44.6453,-63.5724,53.1,83,67,1.99,broken clouds
241,Nishihara,JP,26.1842,127.7558,72.68,68,20,5.75,few clouds
242,San Matias,BO,-16.3667,-58.4,77.61,71,94,12.55,overcast clouds
243,Ilulissat,GL,69.2167,-51.1,37.42,65,75,10.36,broken clouds
244,Kenai,US,60.5544,-151.2583,45.14,81,90,16.11,light rain
245,Zhurivka,UA,50.5028,31.7849,31.98,77,0,7.67,clear sky
246,Zhigansk,RU,66.7697,123.3711,-1.46,96,100,16.93,overcast clouds
247,Natchez,US,31.5604,-91.4032,67.89,57,1,9.22,clear sky
248,Alice Springs,AU,-23.7,133.8833,60.35,77,75,0.0,broken clouds
249,Miandrivazo,MG,-19.5167,45.4667,74.32,71,24,4.56,few clouds
250,Muisne,EC,0.6,-80.0333,82.51,73,23,9.69,few clouds
251,Nuzvid,IN,16.7833,80.85,74.75,94,87,2.89,overcast clouds
252,Douentza,ML,14.9951,-2.9517,93.24,21,94,3.15,overcast clouds
253,Malakal,SS,9.5334,31.6605,79.0,61,53,2.84,broken clouds
254,Natitingou,BJ,10.3042,1.3796,79.38,42,100,4.43,overcast clouds
255,Maunabo,PR,18.0072,-65.8993,89.42,73,44,8.99,scattered clouds
256,Nuuk,GL,64.1835,-51.7216,39.81,65,75,32.21,broken clouds
257,Nikki,BJ,9.9401,3.2108,79.29,39,94,3.38,overcast clouds
258,Launceston,AU,-41.45,147.1667,48.79,92,14,9.22,few clouds
259,Biak,ID,-0.9131,122.8766,75.97,85,100,3.42,overcast clouds
260,Kalabo,ZM,-14.97,22.6814,80.8,42,87,1.54,overcast clouds
261,Sayyan,YE,15.1718,44.3244,57.85,53,96,11.12,overcast clouds
262,Glossa,GR,35.4717,23.7763,62.1,80,100,7.14,overcast clouds
263,Bukama,CD,-9.2,25.85,70.7,93,76,3.11,broken clouds
264,Westport,US,41.1415,-73.3579,63.63,91,20,1.99,few clouds
265,Jacareacanga,BR,-6.2222,-57.7528,90.48,47,55,2.1,broken clouds
266,Berdigestyakh,RU,62.0989,126.6992,2.17,99,69,4.45,broken clouds
267,Port Lincoln,AU,-34.7333,135.8667,52.65,75,0,9.01,clear sky
268,Kottagudem,IN,17.55,80.6333,74.21,92,99,1.45,overcast clouds
269,Iralaya,HN,15.0,-83.2333,80.69,83,100,15.41,overcast clouds
270,Yushala,RU,57.0761,64.2601,29.95,79,97,12.35,overcast clouds
271,Cachoeira Do Sul,BR,-30.0392,-52.8939,84.18,51,95,4.7,overcast clouds
272,Qasigiannguit,GL,68.8193,-51.1922,37.65,79,100,11.92,overcast clouds
273,Pokhara,NP,28.2333,83.9833,61.05,85,78,2.84,broken clouds
274,Goure,NE,13.9835,10.2704,88.02,12,6,7.87,clear sky
275,Maxixe,MZ,-23.8597,35.3472,70.59,73,0,8.68,clear sky
276,Kholtoson,RU,50.2981,103.3097,27.77,91,99,3.67,overcast clouds
277,San Patricio,US,28.017,-97.5169,85.05,17,0,2.39,clear sky
278,Maarianhamina,AX,60.0973,19.9348,46.26,100,90,4.61,overcast clouds
279,Oktyabrskoye,RU,43.0645,44.7417,37.54,93,0,6.71,mist
280,Altay,CN,47.8667,88.1167,37.35,65,100,5.19,overcast clouds
281,Jiaojiang,CN,28.6803,121.4428,57.0,84,0,4.25,light rain
282,Gaogou,CN,34.0175,119.1886,57.02,71,1,4.85,light rain
283,Plettenberg Bay,ZA,-34.0527,23.3716,59.09,91,2,3.36,clear sky
284,Astana,KZ,51.1801,71.446,37.35,87,75,22.37,broken clouds
285,Ahipara,NZ,-35.1667,173.1667,61.86,94,100,7.87,moderate rain
286,Along,IN,28.1667,94.7667,58.91,78,6,1.74,clear sky
287,Belmonte,BR,-15.8631,-38.8828,79.3,74,95,7.0,overcast clouds
288,Dondo,MZ,-19.6094,34.7431,74.71,76,1,6.11,clear sky
289,Yerbogachen,RU,61.2767,108.0108,34.39,82,100,13.42,overcast clouds
290,Kuruman,ZA,-27.4524,23.4325,63.0,29,0,8.99,clear sky
291,Golden,US,39.7555,-105.2211,73.51,19,40,1.99,scattered clouds
292,Salinas,US,36.6777,-121.6555,70.7,76,40,4.61,scattered clouds
293,Margate,GB,51.3813,1.3862,53.31,82,72,1.01,broken clouds
294,Nayoro,JP,44.3506,142.4578,38.5,77,100,3.33,overcast clouds
295,Padang,ID,-0.9492,100.3543,77.47,90,100,3.71,heavy intensity rain
296,Pilar,BR,-9.5972,-35.9567,82.33,69,2,9.35,clear sky
297,Santa Isabel Do Rio Negro,BR,-0.4139,-65.0192,85.71,66,100,2.73,overcast clouds
298,Emerald,AU,-23.5333,148.1667,75.97,23,7,21.09,clear sky
299,Shimoda,JP,34.6667,138.95,57.11,70,100,7.25,overcast clouds
300,Constitucion,CL,-35.3333,-72.4167,64.47,63,100,14.74,overcast clouds
301,Glendive,US,47.1053,-104.7125,47.03,57,90,20.71,overcast clouds
302,Carnarvon,AU,-24.8667,113.6333,66.27,68,0,12.66,clear sky
303,Tazovskiy,RU,67.4667,78.7,9.73,94,100,14.45,light snow
304,Dharchula,IN,29.85,80.5333,53.28,36,0,7.4,clear sky
305,Chadiza,ZM,-14.0678,32.4392,72.82,32,2,4.25,clear sky
306,Akyab,MM,20.15,92.9,78.57,80,44,4.83,scattered clouds
307,Bengkulu,ID,-3.8004,102.2655,75.83,91,100,4.54,overcast clouds
308,Hun,LY,29.1268,15.9477,72.5,29,100,7.2,overcast clouds
309,Varnavino,RU,57.4035,45.0916,46.06,93,100,6.15,overcast clouds
310,Aswan,EG,24.0934,32.907,86.7,25,74,6.71,broken clouds
311,Kutum,SD,14.2,24.6667,76.89,17,6,5.19,clear sky
312,Menongue,AO,-14.6585,17.691,71.73,63,92,3.74,overcast clouds
313,Olafsvik,IS,64.8945,-23.7142,43.23,90,72,18.41,broken clouds
314,Saint-Georges,GD,12.0564,-61.7485,81.7,70,28,11.16,scattered clouds
315,Qaqortoq,GL,60.7167,-46.0333,30.7,75,65,4.25,broken clouds
316,Bose,IT,45.4612,8.0137,49.24,91,100,1.14,overcast clouds
317,Muli,MV,2.9167,73.5667,82.74,74,9,14.16,clear sky
318,Thinadhoo,MV,0.5333,72.9333,82.98,75,42,17.52,scattered clouds
319,Dongsheng,CN,39.8161,109.9776,30.78,50,0,10.0,clear sky
320,Campbell River,CA,50.0163,-125.2446,47.26,73,1,2.44,clear sky
321,Shingu,JP,33.7333,135.9833,59.18,83,74,6.67,broken clouds
322,Kargalinskaya,RU,43.7417,46.4792,46.29,90,0,8.34,clear sky
323,Ovre Ardal,NO,61.3167,7.8,39.81,93,100,8.01,overcast clouds
324,Labuhan,ID,-6.8844,112.2051,80.02,82,90,3.18,overcast clouds
325,Aklavik,CA,68.2191,-135.0107,15.8,92,75,5.75,broken clouds
326,Znamenskoye,RU,57.1281,73.8282,26.04,79,100,7.74,light snow
327,Hella,NO,67.2,14.4333,48.34,93,75,20.71,light intensity drizzle rain
328,Meulaboh,ID,4.1363,96.1285,75.56,89,100,4.23,overcast clouds
329,Kirakira,SB,-10.4544,161.9205,81.59,78,89,9.98,overcast clouds
330,Norman Wells,CA,65.282,-126.8329,17.64,93,90,8.05,fog
331,Novovorontsovka,UA,47.5004,33.9175,47.98,68,0,10.98,clear sky
332,Kupang,ID,-10.1667,123.5833,79.47,82,100,4.65,overcast clouds
333,Esil,KZ,51.9556,66.4042,37.76,96,100,21.97,light rain
334,Senanga,ZM,-16.1167,23.2667,78.6,45,35,3.96,scattered clouds
335,Pokrovsk,UA,48.282,37.1758,43.59,68,0,7.05,clear sky
336,Gushikawa,JP,26.3544,127.8686,72.63,94,1,5.75,clear sky
337,Flinders,AU,-34.5833,150.8552,55.8,82,0,1.01,clear sky
338,Puerto Lumbreras,ES,37.5633,-1.8097,70.11,64,100,6.38,overcast clouds
339,Wanning,CN,18.8003,110.3967,76.12,87,85,9.28,overcast clouds
340,Gigmoto,PH,13.7796,124.39,80.26,71,100,12.68,overcast clouds
341,Sao Filipe,CV,14.8961,-24.4956,79.86,75,77,10.18,broken clouds
342,Escarcega,MX,18.6089,-90.7454,85.48,37,11,7.02,few clouds
343,Kisangani,CD,0.5167,25.2,71.24,94,42,1.16,scattered clouds
344,Talnakh,RU,69.4865,88.3972,14.14,96,100,5.19,light snow
345,Vila Franca Do Campo,PT,37.7167,-25.4333,73.2,93,100,16.84,light rain
346,Kichera,RU,55.9375,110.0997,24.4,72,100,2.55,overcast clouds
347,Nome,US,64.5011,-165.4064,6.87,78,1,0.0,clear sky
348,Bani Walid,LY,31.7566,13.9942,70.18,50,68,6.29,broken clouds
349,Danilov,RU,58.1908,40.1717,42.8,97,88,5.37,overcast clouds
350,Djougou,BJ,9.7085,1.666,79.79,47,91,3.58,overcast clouds
351,Malakwal,PK,32.5536,73.2123,67.77,34,0,2.55,clear sky
352,Rio Grande,BR,-32.035,-52.0986,77.11,79,88,19.44,overcast clouds
353,Ust-Kulom,RU,61.6864,53.6902,31.86,99,100,0.85,overcast clouds
354,Kavaratti,IN,10.5669,72.642,81.97,72,93,2.84,overcast clouds
355,Tessalit,ML,20.1986,1.0114,87.49,12,85,8.86,overcast clouds
356,Broome,US,42.2506,-75.833,57.36,77,90,4.0,overcast clouds
357,Zamora,EC,-4.0692,-78.9567,78.69,76,54,3.15,light rain
358,Laurel,US,39.0993,-76.8483,64.47,74,90,1.01,overcast clouds
359,Pincher Creek,CA,49.4833,-113.952,29.28,82,8,0.67,clear sky
360,Poum,NC,-20.2333,164.0167,74.86,73,32,4.85,scattered clouds
361,Mariinskiy Posad,RU,56.115,47.718,47.34,93,100,6.98,overcast clouds
362,Sovetskiy,RU,61.3614,63.5842,16.05,98,70,3.65,broken clouds
363,Ilhabela,BR,-23.7781,-45.3581,69.94,92,96,12.8,overcast clouds
364,Sao Joao Da Barra,BR,-21.6403,-41.0511,71.69,88,100,11.65,overcast clouds
365,Oswego,US,43.4501,-76.1497,57.36,85,87,5.99,overcast clouds
366,Awbari,LY,26.5921,12.7805,72.03,28,0,6.55,clear sky
367,Nabire,ID,-3.3667,135.4833,74.55,92,86,3.69,overcast clouds
368,Ereymentau,KZ,51.6199,73.1033,34.9,88,100,21.23,light snow
369,Dubbo,AU,-32.25,148.6167,42.93,65,0,9.22,clear sky
370,Sobolevo,RU,54.4299,31.8996,43.66,79,9,9.57,clear sky
371,Wajima,JP,37.4,136.9,60.76,63,100,2.37,overcast clouds
372,Rockledge,US,28.3508,-80.7253,77.0,61,40,8.01,scattered clouds
373,Dingle,PH,10.9995,122.6711,74.91,90,98,8.46,overcast clouds
374,Marystown,CA,47.1666,-55.1483,49.86,100,0,2.86,clear sky
375,Yenagoa,NG,4.9247,6.2642,77.09,93,100,3.85,light rain
376,Birobidzhan,RU,48.8,132.95,35.85,53,82,5.35,broken clouds
377,Arawa,PG,-6.2132,155.5367,77.63,90,93,3.06,moderate rain
378,Pisco,PE,-13.7,-76.2167,66.25,77,0,12.66,clear sky
379,Guilin,CN,25.2819,110.2864,62.6,90,100,2.59,overcast clouds
380,Kapuskasing,CA,49.4169,-82.4331,50.16,63,0,2.28,clear sky
381,Espanola,US,35.9911,-106.0806,79.07,18,5,5.23,clear sky
382,Falun,SE,60.6036,15.626,47.21,94,100,2.75,overcast clouds
383,Baherden,TM,38.4362,57.4316,57.33,41,94,3.18,overcast clouds
384,Ostrovnoy,RU,68.0531,39.5131,33.96,91,100,12.33,overcast clouds
385,Karangampel,ID,-6.4622,108.4519,81.19,76,100,2.71,overcast clouds
386,Richards Bay,ZA,-28.783,32.0377,64.87,82,96,9.86,overcast clouds
387,Boulder,US,40.0833,-105.3505,67.73,24,1,4.0,clear sky
388,Oussouye,SN,12.485,-16.5469,74.16,91,100,4.0,light rain
389,Brownwood,US,31.7093,-98.9912,82.4,22,1,8.05,clear sky
390,Prince Rupert,CA,54.3161,-130.3201,46.38,53,78,2.53,broken clouds
391,Esperance,AU,-33.8667,121.9,56.16,70,6,14.97,clear sky
392,Mount Gambier,AU,-37.8333,140.7667,40.64,97,20,4.65,few clouds
393,Muros,ES,42.7762,-9.0603,64.24,90,100,13.22,overcast clouds
394,Daphne,US,30.6035,-87.9036,62.17,66,90,5.75,overcast clouds
395,Neiafu,TO,-18.65,-173.9833,79.48,69,75,9.22,broken clouds
396,Altoona,US,40.5187,-78.3947,56.48,94,100,1.52,overcast clouds
397,Izumo,JP,35.3667,132.7667,59.29,83,92,3.91,overcast clouds
398,Lata,PT,40.1629,-8.3327,64.92,97,99,3.29,overcast clouds
399,Coihaique,CL,-45.5752,-72.0662,62.55,20,0,10.36,clear sky
400,Chapais,CA,49.7834,-74.8492,49.26,50,92,7.05,overcast clouds
401,Kavieng,PG,-2.5744,150.7967,82.18,78,34,12.57,light rain
402,Salina,US,38.8403,-97.6114,71.73,30,1,12.66,clear sky
403,Uvira,CD,-3.4067,29.1458,75.81,77,76,3.18,light rain
404,Beidao,CN,34.5686,105.8933,50.47,69,100,2.35,light rain
405,La Roda,ES,39.2167,-2.15,62.33,83,100,19.22,light rain
406,Joensuu,FI,62.6012,29.7632,46.27,89,90,3.0,overcast clouds
407,Nuevitas,CU,21.5453,-77.2644,76.44,85,100,10.27,moderate rain
408,Veraval,IN,20.9,70.3667,76.84,43,92,9.44,overcast clouds
409,Rio De Janeiro,BR,-22.9028,-43.2075,76.91,78,75,9.22,broken clouds
410,Gazojak,TM,41.1875,61.4036,49.73,39,99,8.28,overcast clouds
411,Cidreira,BR,-30.1811,-50.2056,69.44,83,33,23.29,scattered clouds
412,Belaya Gora,RU,68.5333,146.4167,0.52,98,99,4.32,overcast clouds
413,Magaria,NE,12.9983,8.9099,85.93,15,19,9.64,few clouds
414,Bone,DE,51.9669,12.1396,53.91,73,84,10.0,broken clouds
415,Leningradskiy,RU,69.3833,178.4167,-2.0,96,99,6.06,overcast clouds
416,Damaturu,NG,11.747,11.9608,84.18,15,100,9.62,overcast clouds
417,Port Hedland,AU,-20.3167,118.5667,69.85,94,0,8.05,clear sky
418,Najran,SA,17.4924,44.1277,66.47,47,19,3.42,few clouds
419,Wajir,KE,1.7471,40.0573,85.62,46,49,11.14,scattered clouds
420,Okhotsk,RU,59.3833,143.3,10.78,70,0,20.78,clear sky
421,Sohag,EG,26.557,31.6948,84.45,26,100,5.68,overcast clouds
422,Zdvinsk,RU,54.7021,78.661,28.78,46,100,9.24,overcast clouds
423,Narasannapeta,IN,18.4167,84.05,76.14,85,23,4.65,few clouds
424,Malumfashi,NG,11.7853,7.6218,78.08,23,100,6.33,overcast clouds
425,Darfield,GB,53.5339,-1.376,49.8,87,37,4.0,scattered clouds
426,Saint-Louis,SN,16.3333,-15.0,89.87,30,92,16.96,overcast clouds
427,Mount Isa,AU,-20.7333,139.5,74.97,23,75,9.22,broken clouds
428,Ulladulla,AU,-35.35,150.4667,50.09,71,5,3.87,clear sky
429,Mareeba,AU,-17.0,145.4333,68.72,95,45,1.79,scattered clouds
430,Birao,CF,10.2849,22.7882,79.16,27,98,0.98,overcast clouds
431,Ornskoldsvik,SE,63.2909,18.7153,43.75,100,90,5.75,fog
432,Jujutla,SV,13.7869,-89.8572,78.93,68,93,4.65,overcast clouds
433,Faya,SA,18.3851,42.4509,61.32,41,0,8.25,clear sky
434,Esso,RU,55.9333,158.7,14.43,95,98,4.41,overcast clouds
435,Milkovo,RU,54.7167,158.6167,26.24,86,100,4.27,overcast clouds
436,Akdagmadeni,TR,39.6603,35.8836,44.31,71,69,2.62,broken clouds
437,Markala,ML,13.7021,-6.0659,88.5,33,50,3.85,scattered clouds
438,Qui Nhon,VN,13.7667,109.2333,75.63,91,40,6.38,scattered clouds
439,Hami,CN,42.8,93.45,50.88,42,100,4.07,overcast clouds
440,Kalianget,ID,-7.05,113.9333,81.91,77,100,4.07,overcast clouds
441,Zajecar,RS,43.9036,22.2641,49.57,90,1,4.9,clear sky
442,Chiautla,MX,19.5333,-98.8833,73.94,24,15,5.5,few clouds
443,Bonavista,CA,48.6499,-53.1147,48.11,69,1,4.76,clear sky
444,Lavrentiya,RU,65.5833,-171.0,10.99,79,41,6.06,scattered clouds
445,Boca Do Acre,BR,-8.7522,-67.3978,93.58,39,96,6.42,overcast clouds
446,Matagami,CA,49.7502,-77.6328,50.65,53,100,5.03,overcast clouds
447,Vostok,RU,46.4856,135.8833,32.9,82,100,1.63,overcast clouds
448,Sharon,US,41.2331,-80.4934,57.36,84,90,4.61,overcast clouds
449,Gobabis,NA,-22.45,18.9667,78.53,12,0,16.67,clear sky
450,Santa Maria,BR,-29.6842,-53.8069,82.13,58,81,5.93,broken clouds
451,Huarmey,PE,-10.0681,-78.1522,68.59,74,57,9.01,broken clouds
452,Marsh Harbour,BS,26.5412,-77.0636,81.16,64,15,20.89,few clouds
453,Tabou,CI,4.423,-7.3528,77.97,86,100,5.68,overcast clouds
454,Naraina,IN,26.7833,75.2,68.14,33,0,0.69,clear sky
455,Moree,AU,-29.4667,149.85,48.22,71,0,4.61,clear sky
456,Goya,AR,-29.14,-59.2626,98.49,22,0,5.14,clear sky
457,At-Bashi,KG,41.1702,75.8106,24.94,48,25,3.62,scattered clouds
458,San Agustin,MX,20.5333,-103.4667,80.51,45,10,1.01,clear sky
459,Evensk,RU,61.95,159.2333,8.73,74,95,10.94,overcast clouds
460,Valdosta,US,30.8327,-83.2785,64.31,67,90,3.44,overcast clouds
461,Mizan Teferi,ET,6.9833,35.5833,62.08,63,80,2.93,broken clouds
462,Walvis Bay,NA,-22.9575,14.5053,58.08,86,1,5.01,clear sky
463,Iracoubo,GF,5.4802,-53.2011,82.94,70,13,7.2,few clouds
464,Frisco,US,33.1507,-96.8236,76.78,27,0,1.01,clear sky
465,Fiche,ET,9.8,38.7333,45.27,56,19,4.81,few clouds
466,Abaete,BR,-19.16,-45.4458,79.32,58,94,6.93,overcast clouds
467,Lasa,IT,46.6166,10.7002,47.14,81,100,2.91,overcast clouds
468,Tommot,RU,58.9564,126.2925,13.19,82,90,2.64,overcast clouds
469,Saint Anthony,US,45.0205,-93.218,60.19,58,1,1.01,clear sky
470,Yaan,NG,7.3833,8.5667,78.85,75,99,3.62,overcast clouds
471,Anaco,VE,9.4389,-64.4728,80.02,74,96,3.94,overcast clouds
472,Teya,RU,60.3778,92.6267,18.37,82,99,11.9,overcast clouds
473,Kashi,CN,39.4547,75.9797,46.13,36,0,5.86,clear sky
474,Teguldet,RU,57.3064,88.1667,26.29,63,100,8.19,overcast clouds
475,Bontang,ID,0.1333,117.5,76.89,87,99,2.39,moderate rain
476,Batsfjord,NO,70.6345,29.7185,36.12,80,97,3.96,overcast clouds
477,Gamba,GA,-2.65,10.0,76.6,91,100,6.93,moderate rain
478,Corinto,GR,37.9407,22.9573,60.89,74,83,4.05,broken clouds
479,Sao Jose Da Coroa Grande,BR,-8.8978,-35.1478,78.31,70,0,8.52,clear sky
480,Pacifica,US,37.6138,-122.4869,71.2,91,75,3.0,mist
481,Puerto Escondido,MX,15.85,-97.0667,84.85,71,92,7.45,overcast clouds
482,Mbarara,UG,-0.608,30.65,61.9,90,99,2.39,overcast clouds
483,Ballangen,NO,68.3428,16.8315,42.4,100,90,6.91,overcast clouds
484,Carballo,ES,43.213,-8.691,63.55,89,78,9.64,broken clouds
485,Oranjemund,NA,-28.55,16.4333,60.64,90,0,6.91,clear sky
486,Chara,RU,56.9064,118.2631,19.06,62,100,0.98,overcast clouds
487,San Quintin,MX,30.4833,-115.95,69.8,68,0,11.54,clear sky
488,Kapoeta,SS,4.7717,33.5903,82.65,39,99,4.38,overcast clouds
489,Srednekolymsk,RU,67.45,153.6833,-9.72,99,100,5.08,overcast clouds
490,Kattivakkam,IN,13.2167,80.3167,80.69,83,100,10.13,overcast clouds
491,Chicama,PE,-7.8447,-79.1469,63.14,62,25,10.58,scattered clouds
492,High Level,CA,58.5169,-117.136,36.63,47,0,5.97,clear sky
493,Vardo,NO,70.3705,31.1107,38.86,76,93,7.47,overcast clouds
494,Santa Cruz,BO,-17.8,-63.1667,92.66,52,75,9.22,broken clouds
495,Blagoyevo,RU,63.3667,47.9167,31.01,96,100,3.69,overcast clouds
496,Dickinson,US,29.4608,-95.0513,77.22,29,1,1.99,clear sky
497,Havelock,US,34.8791,-76.9013,67.98,64,52,4.0,broken clouds
498,Agara,GE,42.0376,43.8238,47.3,85,64,11.1,broken clouds
499,Skovorodino,RU,53.9833,123.9167,20.44,53,16,2.42,few clouds
500,Dekar,BW,-21.5333,21.9333,81.41,14,0,9.8,clear sky
501,Naze,JP,28.3667,129.4833,67.39,78,0,7.18,clear sky
502,Adrar,MR,20.5022,-10.0711,83.48,16,100,11.88,overcast clouds
503,Daru,PG,-9.0763,143.2092,78.75,87,96,8.41,overcast clouds
504,Mazagao,BR,-0.115,-51.2894,89.65,56,36,5.41,scattered clouds
505,Kenora,CA,49.8167,-94.4337,44.58,93,90,11.5,overcast clouds
506,Axim,GH,4.8699,-2.2405,78.8,85,73,8.52,broken clouds
507,Makakilo City,US,21.3469,-158.0858,81.61,60,1,3.44,clear sky
508,Mengcheng,CN,33.2579,116.5655,59.34,62,5,4.61,light rain
509,Taltal,CL,-25.4,-70.4833,68.02,58,22,5.5,few clouds
510,Camocim,BR,-2.9022,-40.8411,82.98,69,36,13.82,scattered clouds
511,Stornoway,GB,58.2093,-6.3865,53.92,93,6,6.91,clear sky
512,Camana,PE,-16.6228,-72.7111,68.9,72,50,5.48,scattered clouds
513,Moss Point,US,30.4116,-88.5345,62.67,69,90,3.44,overcast clouds
514,Mugur-Aksy,RU,50.35,90.5,14.52,86,100,5.7,overcast clouds
515,Cayeli,TR,41.0923,40.7292,59.16,72,40,2.39,scattered clouds
516,Lethem,GY,3.3803,-59.7968,88.25,52,61,4.45,broken clouds
517,Mogadishu,SO,2.0371,45.3438,79.21,79,17,13.51,few clouds
518,Opuwo,NA,-18.0607,13.84,74.82,22,8,9.31,clear sky
519,Sumenep,ID,-7.0167,113.8667,81.61,78,100,3.83,overcast clouds
520,Ofunato,JP,39.0717,141.7167,51.6,80,100,4.03,overcast clouds
521,Komsomolskiy,UZ,40.4272,71.7189,49.53,46,100,1.59,overcast clouds
522,Aiquile,BO,-18.2041,-65.1807,73.89,45,67,20.11,broken clouds
523,Quatre Cocos,MU,-20.2078,57.7625,71.1,77,46,7.81,scattered clouds
524,Fonte Boa,BR,-2.4959,-66.2662,82.51,77,98,4.21,overcast clouds
525,Wilmington,US,34.2257,-77.9447,68.99,55,20,11.5,few clouds
526,Mayya,RU,61.7333,130.2811,-6.48,99,71,2.98,broken clouds
527,Loja,EC,-3.9931,-79.2042,68.23,64,68,3.02,light rain
528,Paamiut,GL,61.994,-49.6678,31.87,79,100,13.78,overcast clouds
529,Guanhaes,BR,-18.775,-42.9325,73.53,72,100,7.52,overcast clouds
530,Uruzgan,AF,32.8333,66.0,49.51,21,0,2.73,clear sky
531,Valparaiso,CL,-33.0393,-71.6273,66.43,68,0,10.36,clear sky
532,Sinnamary,GF,5.3833,-52.95,82.56,72,21,6.76,few clouds
533,Ypsonas,CY,34.6884,32.9574,68.85,68,20,2.3,few clouds
534,Galle,LK,6.0367,80.217,77.25,89,77,3.11,broken clouds
535,Vetluzhskiy,RU,58.3902,45.4654,44.26,96,100,5.7,overcast clouds
536,Puerto Ayacucho,VE,5.6639,-67.6236,85.69,68,92,3.22,overcast clouds
537,Severnyy,RU,50.677,36.5532,46.44,71,0,0.0,clear sky
538,Ranong,TH,9.9658,98.6348,77.16,88,100,2.35,overcast clouds
539,Sebinkarahisar,TR,40.2883,38.4236,46.83,78,85,5.08,overcast clouds
540,Vila Velha,BR,-20.3297,-40.2925,71.55,94,75,6.91,broken clouds
541,Mangulile,HN,15.0667,-86.8,64.89,75,100,4.59,overcast clouds
542,Hobyo,SO,5.3505,48.5268,80.47,70,5,14.47,clear sky
543,Teguise,ES,29.0605,-13.564,66.42,78,0,8.05,clear sky
544,Tingo Maria,PE,-9.2895,-76.0088,84.45,56,99,4.21,overcast clouds
545,Mayo,US,38.8876,-76.5119,65.43,70,1,5.99,clear sky
546,Atar,MR,20.5169,-13.0499,87.15,24,100,1.63,overcast clouds
547,Peace River,CA,56.2501,-117.286,43.11,38,1,13.8,clear sky
548,Kyaukse,MM,21.6,96.1333,72.91,92,9,3.74,clear sky
549,Inuvik,CA,68.3499,-133.7218,16.66,92,40,0.0,scattered clouds
550,Young,UY,-32.6833,-57.6333,91.22,43,2,10.2,clear sky
551,Wexford,IE,52.3342,-6.4575,55.58,75,84,14.67,broken clouds
552,Sitka,US,57.0531,-135.33,48.09,61,75,13.8,broken clouds
553,Acapulco,MX,16.8634,-99.8901,84.94,70,11,7.45,few clouds
554,Malinovka,BY,53.8579,27.4374,45.9,75,54,12.77,broken clouds
555,Beira,MZ,-19.8436,34.8389,75.29,73,20,9.22,few clouds
556,Yar-Sale,RU,66.8333,70.8333,11.39,89,100,18.77,overcast clouds
557,Nikolayevka,RU,53.1257,47.2041,43.12,95,19,8.79,few clouds
558,Roald,NO,62.5833,6.1333,52.32,71,0,11.5,clear sky
559,Comodoro Rivadavia,AR,-45.8667,-67.5,53.46,58,20,8.05,few clouds
560,Aykhal,RU,66.0,111.5,15.51,97,100,7.0,overcast clouds
561,Zhanaozen,KZ,43.3,52.8,46.99,62,0,3.51,clear sky
562,Touros,BR,-5.1989,-35.4608,83.3,74,57,17.76,broken clouds
563,Ust-Nera,RU,64.5667,143.2,-11.58,99,97,2.04,overcast clouds
564,Thunder Bay,CA,48.4001,-89.3168,54.0,80,84,4.81,broken clouds
565,Tornio,FI,65.8481,24.1466,42.82,97,100,13.38,light rain
566,Pirgos,GR,35.1167,25.7178,63.63,70,79,5.17,broken clouds
567,Nelson Bay,AU,-32.7167,152.15,62.11,73,100,1.99,overcast clouds
568,Marshall,US,34.3834,-86.3333,55.94,83,90,14.97,overcast clouds
569,Gao,ML,16.6362,1.637,88.29,12,71,5.55,broken clouds
570,Cadillac,US,44.2519,-85.4012,58.91,58,40,6.91,scattered clouds
571,Mandal,IN,25.45,74.5667,68.13,34,27,2.66,scattered clouds
572,Bakchar,RU,57.0186,82.0711,26.26,52,100,7.38,overcast clouds
573,Longhua,CN,23.6137,114.1919,64.69,94,75,2.53,broken clouds
574,Sigli,ID,5.3848,95.9609,77.99,83,99,1.72,overcast clouds
575,Takoradi,GH,4.8845,-1.7554,78.64,86,83,9.31,broken clouds
576,Guerrero Negro,MX,27.9769,-114.0611,75.69,51,0,11.27,clear sky
577,Aginskoye,RU,51.1,114.53,22.37,35,2,3.91,clear sky
578,Tambun,ID,-6.2641,107.0712,78.69,85,100,2.62,overcast clouds
579,Bilma,NE,18.6853,12.9164,83.71,21,23,17.38,few clouds
580,Vestmanna,FO,62.1564,-7.1664,45.52,87,90,11.5,overcast clouds
581,Nara,JP,34.6851,135.8049,60.98,69,88,3.2,light rain
582,Harnosand,SE,62.6323,17.9379,45.0,87,100,8.03,overcast clouds
583,Jiexiu,CN,37.0244,111.9125,51.62,40,0,4.68,clear sky
584,Bjornevatn,NO,69.6672,29.9847,19.74,100,100,5.75,overcast clouds
585,Gadung,PH,6.8025,124.02,79.36,81,100,4.12,overcast clouds
586,Falmouth,GB,50.1544,-5.0711,54.18,82,97,10.36,overcast clouds
587,Collie,AU,-33.3667,116.15,45.0,98,45,2.89,scattered clouds
588,Pasighat,IN,28.0667,95.3333,65.19,67,5,3.31,clear sky
589,Ruidoso,US,33.3317,-105.673,74.05,18,1,1.01,clear sky
590,Port Macquarie,AU,-31.4333,152.9167,57.16,78,100,9.4,overcast clouds
591,Mehamn,NO,71.0357,27.8492,38.53,76,93,4.47,overcast clouds
592,Svetlyy,RU,54.675,20.1347,48.25,62,2,13.98,clear sky
593,Butterworth,MY,5.3991,100.3638,78.01,93,20,2.3,few clouds
594,Harpalpur,IN,25.2884,79.3347,68.61,45,3,4.38,clear sky
595,Gladstone,AU,-23.85,151.25,75.13,88,44,0.0,scattered clouds
596,Skibbereen,IE,51.55,-9.2667,53.4,90,100,28.45,moderate rain
597,Nykoping,SE,58.753,17.0079,44.46,100,90,5.75,overcast clouds
598,Muravlenko,RU,63.7898,74.523,6.53,95,95,14.23,overcast clouds
599,Tulu Bolo,ET,8.6667,38.2167,51.85,49,61,4.79,broken clouds
600,Brae,GB,60.3964,-1.353,48.11,92,100,8.46,overcast clouds
601,Xiaolingwei,CN,32.0333,118.85,55.85,65,89,3.2,light rain
602,Jacqueville,CI,5.2052,-4.4146,80.51,83,63,10.54,broken clouds
603,Sioux Lookout,CA,50.1001,-91.917,44.67,87,90,6.91,overcast clouds
604,Vasto,IT,42.1243,14.7059,54.45,83,8,2.8,clear sky
605,Shetpe,KZ,44.1667,52.1167,47.52,75,0,3.0,clear sky
606,Khorixas,NA,-20.3667,14.9667,71.01,21,0,5.73,clear sky
607,Karabulak,RU,43.3036,44.8964,41.56,84,0,4.34,clear sky
608,Olga,RU,43.7444,135.2892,44.74,79,100,3.49,overcast clouds
609,Puerto Del Rosario,ES,28.5004,-13.8627,69.55,78,0,8.05,clear sky
610,Amiens,FR,49.9,2.3,53.26,87,100,8.32,overcast clouds
611,Ciudad Del Maiz,MX,22.4,-99.6,78.73,39,2,0.69,clear sky
612,Calipan,MX,18.2958,-97.1667,76.51,57,32,4.97,scattered clouds
613,Ishurdi,BD,24.1333,89.0833,71.04,62,0,6.11,clear sky
614,Hauterive,FR,46.0901,3.4459,61.56,94,89,4.45,overcast clouds
615,Kalamare,BW,-22.9337,26.5703,76.37,15,2,8.14,clear sky
616,Aksay,RU,47.26,39.87,43.02,61,0,6.93,clear sky
617,Ratanpur,IN,22.3,82.1667,65.25,55,97,4.59,overcast clouds
618,Lichinga,MZ,-13.3128,35.2406,69.4,57,4,7.52,clear sky
619,Prado,BR,-17.3411,-39.2208,77.38,76,74,8.52,broken clouds
620,Jinka,ET,5.65,36.65,67.12,46,33,3.09,scattered clouds
621,Xuddur,SO,4.1213,43.8894,77.88,44,79,9.06,broken clouds
622,Laguna De Perlas,NI,12.3429,-83.6712,84.29,86,100,13.13,overcast clouds
623,Danjiangkou,CN,32.5428,111.5086,60.49,67,100,2.39,overcast clouds
624,Marzuq,YE,14.4,46.4667,74.55,56,98,3.85,overcast clouds
625,Christchurch,NZ,-43.5333,172.6333,62.8,43,0,19.57,clear sky
626,Morgan City,US,29.6994,-91.2068,70.03,53,0,11.21,clear sky
627,Port Hueneme,US,34.1478,-119.1951,83.88,85,90,4.61,haze
628,Usinsk,RU,65.9939,57.5281,9.16,93,100,7.85,overcast clouds
629,Barvinkove,UA,48.9097,37.0205,44.51,67,0,6.53,clear sky
630,Gornyy,RU,55.1153,83.9059,23.79,62,100,7.99,overcast clouds
631,Manama,BH,26.2154,50.5832,84.34,75,0,8.05,clear sky
632,Akhtanizovskaya,RU,45.32,37.1,46.87,70,0,20.04,clear sky
633,Juneau,US,58.3019,-134.4197,43.21,85,90,10.36,overcast clouds
634,Zyryanka,RU,65.75,150.85,0.79,94,100,7.54,overcast clouds
635,Darhan,MN,49.4867,105.9228,30.69,46,44,7.7,scattered clouds
636,Marawi,PH,7.9986,124.2928,67.64,95,27,0.58,scattered clouds
637,Kemin,KG,42.7846,75.6892,41.58,55,100,0.94,overcast clouds
638,Coquimbo,CL,-29.9533,-71.3436,60.53,77,75,11.5,broken clouds
639,Salawagan,PH,7.7053,125.115,71.67,94,33,2.44,scattered clouds
640,Kaduqli,SD,11.0167,29.7167,88.5,33,99,3.67,overcast clouds
641,Yeghegnavan,AM,39.838,44.6253,48.6,73,93,2.66,overcast clouds
642,Amapa,BR,1.0,-52.0,73.63,93,100,3.67,overcast clouds
643,Bitam,GA,2.076,11.5007,69.42,98,100,1.59,moderate rain
644,Ahuimanu,US,21.4447,-157.8378,83.79,63,20,5.75,few clouds
645,Angoche,MZ,-16.2325,39.9086,75.09,71,5,9.1,clear sky
646,Ayr,GB,55.4627,-4.6339,48.51,93,40,8.05,scattered clouds
647,Solwezi,ZM,-12.1688,26.3894,70.95,34,45,3.83,scattered clouds
648,Osmena,PH,10.5208,119.9258,82.87,79,99,21.16,overcast clouds
649,Sola,VU,-13.8833,167.55,81.1,69,1,17.4,clear sky
650,Northam,GB,51.0333,-4.2167,54.09,92,17,11.41,few clouds
